{"All Active": 0.69076305, "Army": 0.28514056, "Marine Corps": 0.09437751, "Navy": 0.14457831, "Air Force": 0.16666667, "All Reserve": 0.13052209, "Army Reserve": 0.07228916, "Marine Corps Reserve": 0.01807229, "Navy Reserve": 0.01405622, "Air Force Reserve": 0.02610442, "All National Guard": 0.17871486, "Army National Guard": 0.14859438, "Air National Guard": 0.03012048}